{
    "Months" : [
        {"Key" : "01", "Value": "January"},
        {"Key" : "02", "Value": "February"},
        {"Key" : "03", "Value": "March"},
        {"Key" : "04", "Value": "April"},
        {"Key" : "05", "Value": "May"},
        {"Key" : "06", "Value": "June"},
        {"Key" : "07", "Value": "July"},
        {"Key" : "08", "Value": "August"},
        {"Key" : "09", "Value": "September"},
        {"Key" : "10", "Value": "October"},
        {"Key" : "11", "Value": "November"},
        {"Key" : "12", "Value": "December"}
      ],

      "ReportType" : [
        {"Key": "YOP", "Value": "YOP"},
        {"Key": "AOD", "Value": "AS ON DATE"},
        {"Key": "AOM", "Value": "AS ON MONTH"},
        {"Key": "AOP", "Value": "AS ON PERIOD"}
      ], 

      "View" : [
        {"Key": "D", "Value": "DETAIL"},
        {"Key": "MG", "Value": "MAIN GROUP"},
        {"Key": "SG", "Value": "SUB GROUP"}
      ]
}